case_id,run_id,run_dir,environment_path,updated_at,cur_round,round_id,user_input,task_id,task_type,task_status,task_content,task_result,reply,controller_trace_count,last_action_kind,last_observe_tool
,20260408_124752,/root/WORK/task-rounting/var/runs/run_20260408_124752,/root/WORK/task-rounting/var/runs/run_20260408_124752/environment.json,2026-04-08T04:47:59.070707+00:00,1,1,请帮我做一次 anthropic_ver_1 的功能测试,1,functest,done,针对 anthropic_ver_1 执行功能测试，重点验证核心功能行为与断言结果,functest 已完成（示例执行）：针对 anthropic_ver_1 执行功能测试，重点验证核心功能行为与断言结果,[functest] 已完成（示例断言）,2,generate_task,read
,20260408_124759,/root/WORK/task-rounting/var/runs/run_20260408_124759,/root/WORK/task-rounting/var/runs/run_20260408_124759/environment.json,2026-04-08T04:48:07.820359+00:00,1,1,请总结上一次测试结果并给出下一步建议,1,normal,failed,请总结上一次测试结果并给出下一步建议,route failed: ControllerAgent exceeded max_steps without returning generate_task,[normal] route failed: ControllerAgent exceeded max_steps without returning generate_task,4,observe,None
,20260408_124807,/root/WORK/task-rounting/var/runs/run_20260408_124807,/root/WORK/task-rounting/var/runs/run_20260408_124807/environment.json,2026-04-08T04:48:13.896212+00:00,1,1,请帮我做一次 anthropic_ver_1 的功能测试,1,functest,done,针对 anthropic_ver_1 执行功能测试，重点验证核心功能行为与断言结果,functest 已完成（示例执行）：针对 anthropic_ver_1 执行功能测试，重点验证核心功能行为与断言结果,[functest] 已完成（示例断言）,2,generate_task,read
,20260408_124813,/root/WORK/task-rounting/var/runs/run_20260408_124813,/root/WORK/task-rounting/var/runs/run_20260408_124813/environment.json,2026-04-08T04:48:19.724158+00:00,1,1,检查一下 genai_ver_2 的 headers 和 body 行为,1,functest,done,针对 genai_ver_2 执行功能测试，重点检查请求 headers 和 response body 的行为是否符合预期,functest 已完成（示例执行）：针对 genai_ver_2 执行功能测试，重点检查请求 headers 和 response body 的行为是否符合预期,[functest] 已完成（示例断言）,2,generate_task,read
,20260408_124819,/root/WORK/task-rounting/var/runs/run_20260408_124819,/root/WORK/task-rounting/var/runs/run_20260408_124819/environment.json,2026-04-08T04:48:25.600954+00:00,1,1,对 qwen_proxy_v3 做一次准确性评估,1,accutest,done,针对 qwen_proxy_v3 执行准确性评估，重点关注回答质量与评分结果,accutest 已完成（示例指标）：针对 qwen_proxy_v3 执行准确性评估，重点关注回答质量与评分结果,[accutest] 示例评分：0.83,2,generate_task,read
,20260408_124825,/root/WORK/task-rounting/var/runs/run_20260408_124825,/root/WORK/task-rounting/var/runs/run_20260408_124825/environment.json,2026-04-08T04:48:31.645975+00:00,1,1,帮我压测 gateway_alpha，重点看 p95 和 qps,1,perftest,done,对 gateway_alpha 执行压测，重点检查 p95 延迟与 QPS 吞吐量,perftest 已完成（示例指标）：对 gateway_alpha 执行压测，重点检查 p95 延迟与 QPS 吞吐量,[perftest] 示例 p95：210ms，qps：48,2,generate_task,read
,20260408_124831,/root/WORK/task-rounting/var/runs/run_20260408_124831,/root/WORK/task-rounting/var/runs/run_20260408_124831/environment.json,2026-04-08T04:48:40.669006+00:00,1,1,总结最近一次 functest 的失败原因,1,normal,failed,总结最近一次 functest 的失败原因,route failed: ControllerAgent exceeded max_steps without returning generate_task,[normal] route failed: ControllerAgent exceeded max_steps without returning generate_task,4,observe,None
,20260408_124840,/root/WORK/task-rounting/var/runs/run_20260408_124840,/root/WORK/task-rounting/var/runs/run_20260408_124840/environment.json,2026-04-08T04:48:50.399817+00:00,1,1,基于上轮失败点再做一次功能复测,1,normal,failed,基于上轮失败点再做一次功能复测,route failed: ControllerAgent exceeded max_steps without returning generate_task,[normal] route failed: ControllerAgent exceeded max_steps without returning generate_task,4,observe,None
,20260408_124850,/root/WORK/task-rounting/var/runs/run_20260408_124850,/root/WORK/task-rounting/var/runs/run_20260408_124850/environment.json,2026-04-08T04:48:58.196632+00:00,1,1,看看这个接口功能是否正常,1,normal,failed,看看这个接口功能是否正常,route failed: ControllerAgent exceeded max_steps without returning generate_task,[normal] route failed: ControllerAgent exceeded max_steps without returning generate_task,4,observe,None
,20260408_124858,/root/WORK/task-rounting/var/runs/run_20260408_124858,/root/WORK/task-rounting/var/runs/run_20260408_124858/environment.json,2026-04-08T04:49:06.956133+00:00,1,1,整理最近两次测试结果并给出下一步建议,1,normal,failed,整理最近两次测试结果并给出下一步建议,route failed: ControllerAgent exceeded max_steps without returning generate_task,[normal] route failed: ControllerAgent exceeded max_steps without returning generate_task,4,observe,None
,20260408_124906,/root/WORK/task-rounting/var/runs/run_20260408_124906,/root/WORK/task-rounting/var/runs/run_20260408_124906/environment.json,2026-04-08T04:49:12.631555+00:00,1,1,请做一次 perftest，重点关注并发 100 的退化情况,1,perftest,done,执行性能测试，重点关注并发 100 场景下的响应退化情况,perftest 已完成（示例指标）：执行性能测试，重点关注并发 100 场景下的响应退化情况,[perftest] 示例 p95：210ms，qps：48,2,generate_task,read
,20260408_124912,/root/WORK/task-rounting/var/runs/run_20260408_124912,/root/WORK/task-rounting/var/runs/run_20260408_124912/environment.json,2026-04-08T04:49:19.021452+00:00,1,1,我想验证 genai_ver_1 的返回字段是否稳定,1,functest,done,针对 genai_ver_1 执行功能测试，重点验证返回字段的稳定性与一致性,functest 已完成（示例执行）：针对 genai_ver_1 执行功能测试，重点验证返回字段的稳定性与一致性,[functest] 已完成（示例断言）,2,generate_task,read
,20260408_124919,/root/WORK/task-rounting/var/runs/run_20260408_124919,/root/WORK/task-rounting/var/runs/run_20260408_124919/environment.json,2026-04-08T04:49:30.091814+00:00,1,1,请解释上一轮 accutest 的评分含义,1,normal,failed,请解释上一轮 accutest 的评分含义,route failed: ControllerAgent exceeded max_steps without returning generate_task,[normal] route failed: ControllerAgent exceeded max_steps without returning generate_task,4,observe,None
,20260408_124930,/root/WORK/task-rounting/var/runs/run_20260408_124930,/root/WORK/task-rounting/var/runs/run_20260408_124930/environment.json,2026-04-08T04:49:36.335101+00:00,1,1,帮我对 anthropic_ver_1 做一次功能测试，重点看 assert,1,functest,done,针对 anthropic_ver_1 执行功能测试，重点验证断言（assert）逻辑是否正确,functest 已完成（示例执行）：针对 anthropic_ver_1 执行功能测试，重点验证断言（assert）逻辑是否正确,[functest] 已完成（示例断言）,2,generate_task,read
